{"cameraMode":{"drawMode":0,"name":"Shaded","section":"Shading Mode"},"sceneLighting":true,"audioPlay":false,"sceneViewState":{"showFog":true,"showMaterialUpdate":false,"showSkybox":true,"showFlares":true,"showImageEffects":true,"showParticleSystems":true,"showVisualEffectGraphs":true,"m_FxEnabled":true},"in2DMode":false,"pivot":{"x":6.339040279388428,"y":23.62791633605957,"z":-0.9545571208000183},"rotation":{"x":0.3109581172466278,"y":-0.0811304971575737,"z":0.026654498651623727,"w":0.9465888142585754},"size":0.31135374307632449,"orthographic":false}